{"cameraMode":{"drawMode":2,"name":"Shaded Wireframe","section":"Shading Mode"},"sceneLighting":true,"audioPlay":false,"sceneViewState":{"showFog":true,"showMaterialUpdate":false,"showSkybox":true,"showFlares":true,"showImageEffects":true,"showParticleSystems":true},"in2DMode":false,"pivot":{"x":-7.987112998962402,"y":-6.697726249694824,"z":46.908206939697269},"rotation":{"x":-0.08817880600690842,"y":0.9118168354034424,"z":-0.2820580303668976,"w":-0.2850579023361206},"size":22.966941833496095,"orthographic":false}