{"cameraMode":{"drawMode":0,"name":"Shaded","section":"Shading Mode"},"sceneLighting":false,"audioPlay":false,"sceneViewState":{"showFog":true,"showMaterialUpdate":false,"showSkybox":false,"showFlares":true,"showImageEffects":true,"showParticleSystems":true},"in2DMode":false,"pivot":{"x":0.8799999952316284,"y":0.7999999523162842,"z":-65.69999694824219},"rotation":{"x":-0.021539418026804925,"y":0.9781940579414368,"z":-0.15716759860515595,"w":-0.13405917584896089},"size":2.9882805347442629,"orthographic":false}